accuracy,f1,precision,sensitivity,specificity,auroc,auprc
0.9102936431106808,0.9357374017568194,0.9601518026565465,0.9125338142470695,0.9046538024971623,0.953569955446563,0.983774971980623
