accuracy,f1,precision,sensitivity,specificity,auroc,auprc
0.7886356540743054,0.8104172500700084,0.9890635680109364,0.6864326375711575,0.9853881278538813,0.957448034450192,0.9666867480969448
